Name,Price,Company
AstroViz Interactive Smart Projector,$499,AstroViz Technologies
Quantum One Supercomputer,"$8,000,000",QuantumX Systems
VirtuGlass Augmented Reality Glasses,$899,VirtuTech Inc.
EchoNet Wi-Fi 7 Router,$199,Amazon
ChargeMaster 20K Solar Power Bank,$80,EcoTech
Neptune Pro Gaming Laptop,"$2,300",Neptune Computers
Omega Smartwatch 7,$399,Apple
Titan Pro Graphics Tablet,$899,Wacom
NoiseCanceller Pro Headphones,$299,Bose
Tranquil Night Sleep Aid Device,$150,HealthTech Solutions