"text","language","correct_answer"
"The sun glistens upon the ocean waves, reflecting a myriad of colors onto the sandy shores.","Spanish","El sol brilla sobre las olas del océano, reflejando una miríada de colores en las orillas arenosas."
"Reading books not only enriches the mind but also transports us to different worlds and times.","French","Lire des livres n'enrichit pas seulement l'esprit, mais nous transporte également vers d'autres mondes et époques."
"The city's skyline is a testament to its rapid development and architectural prowess.","Chinese","这座城市的天际线证明了它的快速发展和建筑造诣。"
"A balanced diet and regular exercise are essential for maintaining good health.","Italian","Una dieta equilibrata e l'esercizio regolare sono essenziali per mantenere una buona salute."
"The mountain's peak, shrouded in mist, remains a challenge for many climbers.","Japanese","霧に包まれた山の頂上は、多くの登山者にとって挑戦的なままです。"
"Music transcends boundaries, connecting people from all walks of life.","Portuguese","A música transcende fronteiras, conectando pessoas de todas as caminhadas da vida."
"The vast expanse of the desert is both awe-inspiring and intimidating.","Arabic","إن الفضاء الواسع للصحراء ملهم ومخيف في نفس الوقت."
"The intricate patterns on traditional pottery reveal the artist's meticulous attention to detail.","Russian","Сложные узоры на традиционной глиняной посуде отражают дотошное внимание художника к деталям."
"Rainforests play a crucial role in maintaining our planet's biodiversity and climate balance.","German","Regenwälder spielen eine entscheidende Rolle bei der Erhaltung der biologischen Vielfalt und des Klimagleichgewichts unseres Planeten."
"Cultural exchanges promote understanding and strengthen bonds between nations.","Korean","문화 교류는 이해를 증진시키고 국가 간의 유대를 강화시킵니다."
"Stargazing is a humble reminder of our tiny presence in the vast universe.","Spanish","Mirar las estrellas es un humilde recordatorio de nuestra pequeña presencia en el vasto universo."
"The renaissance period was a time of artistic, cultural, and scientific awakening.","French","La période de la Renaissance a été un moment d'éveil artistique, culturel et scientifique."
"Understanding different cultures enriches our perspectives and broadens our horizons.","Chinese","了解不同的文化可以丰富我们的视野并拓宽我们的视野。"
"Jazz music, with its improvisational nature, captures the essence of spontaneity.","Italian","La musica jazz, con la sua natura improvvisativa, cattura l'essenza della spontaneità."
"Philosophy encourages us to ponder life's big questions and seek profound answers.","Japanese","哲学は私たちに人生の大きな疑問について考え、深い答えを探求するよう促します。"
"Technology has bridged distances, turning the world into a global village.","Portuguese","A tecnologia encurtou distâncias, transformando o mundo em uma aldeia global."
"The fragrance of freshly baked bread evokes feelings of warmth and nostalgia.","Arabic","رائحة الخبز المُحمص حديثًا تُثير الشعور بالدفء والحنين."
"Folk tales carry the wisdom and traditions of a culture through generations.","Russian","Народные сказки передают мудрость и традиции культуры через поколения."
"Traveling enriches the soul, exposing us to different cultures and experiences.","German","Reisen bereichert die Seele, indem sie uns verschiedenen Kulturen und Erfahrungen aussetzt."
"Nature's beauty is a source of inspiration for many artists and poets.","Korean","자연의 아름다움은 많은 예술가와 시인에게 영감을 줍니다."